state,year,month,year_month,gwp,pif,new_business_gwp,new_business_count,renewal_count,cancellation_count,agent_count,avg_premium,avg_conversion,avg_retention,anomaly_count,year_month_dt
Arizona,2021,1,2021-01,458290.08,288,214527.81,146,136,28,36,1511.5527143457866,0.2992432991609743,0.8239841541552554,13,2021-01-01
Arizona,2021,2,2021-02,522565.36,259,224218.76,111,146,34,35,1858.514560469176,0.30304859258259675,0.8240805187373912,10,2021-02-01
Arizona,2021,3,2021-03,550600.78,270,174416.71,105,142,26,36,1765.1778634359468,0.2992432991609743,0.8239841541552554,13,2021-03-01
Arizona,2021,4,2021-04,614466.95,274,253724.35,122,147,31,36,1839.1966745286077,0.2992432991609743,0.8239841541552554,5,2021-04-01
Arizona,2021,5,2021-05,693805.77,281,303621.65,137,140,30,36,2274.829204335179,0.2992432991609743,0.8239841541552554,7,2021-05-01
Arizona,2021,6,2021-06,678865.96,281,254033.13,125,159,29,35,2352.4155089196283,0.30304859258259675,0.8240805187373912,9,2021-06-01
Arizona,2021,7,2021-07,760360.98,323,328041.44,150,161,38,36,2044.3442661720994,0.2992432991609743,0.8239841541552554,11,2021-07-01
Arizona,2021,8,2021-08,622499.97,295,205512.48,118,157,32,35,1854.3405720489827,0.29980230375258826,0.8224138376834729,6,2021-08-01
Arizona,2021,9,2021-09,636030.51,262,278731.83999999997,118,133,26,35,2398.9724460423454,0.2930646654534045,0.8221785305603659,11,2021-09-01
Arizona,2021,10,2021-10,585432.95,279,243961.72999999998,140,136,39,34,1767.660392801643,0.2940645957153395,0.8245142815873138,8,2021-10-01
Arizona,2021,11,2021-11,551873.11,254,244598.13999999998,111,133,32,36,1982.9258729757898,0.2992432991609743,0.8239841541552554,17,2021-11-01
Arizona,2021,12,2021-12,526059.97,299,202522.27,136,152,25,34,1599.2771315681869,0.29680015474896965,0.8222246228185972,5,2021-12-01
Arizona,2022,1,2022-01,503610.56,280,202503.18,121,148,33,36,1660.9456857440398,0.2992432991609743,0.8239841541552554,7,2022-01-01
Arizona,2022,2,2022-02,549160.18,248,239400.81,109,125,27,34,1950.0249674213715,0.2934583868357256,0.8205089217336813,7,2022-02-01
Arizona,2022,3,2022-03,589921.63,271,226017.61,130,133,33,35,1867.2992962759463,0.30039119237849893,0.8263047586841444,9,2022-03-01
Arizona,2022,4,2022-04,747259.65,286,298396.37,128,151,33,34,2311.3696876261706,0.2940645957153395,0.8245142815873138,6,2022-04-01
Arizona,2022,5,2022-05,631058.7,266,232574.66,102,155,33,34,2135.437962117303,0.2975137969362266,0.8286678501173389,9,2022-05-01
Arizona,2022,6,2022-06,758529.0299999999,258,326705.3,109,136,32,36,2425.702629191877,0.2992432991609743,0.8239841541552554,14,2022-06-01
Arizona,2022,7,2022-07,925479.8999999999,310,446158.31,138,161,35,36,2827.3331732796205,0.2992432991609743,0.8239841541552554,11,2022-07-01
Arizona,2022,8,2022-08,706554.4400000001,297,295126.3,137,161,45,36,1900.6437603376564,0.2992432991609743,0.8239841541552554,6,2022-08-01
Arizona,2022,9,2022-09,738533.6,296,314542.94,136,150,34,36,2170.4614164426716,0.2992432991609743,0.8239841541552554,9,2022-09-01
Arizona,2022,10,2022-10,637298.61,285,263028.55,145,140,44,36,2118.247348544203,0.2992432991609743,0.8239841541552554,10,2022-10-01
Arizona,2022,11,2022-11,622720.02,281,244610.23,131,139,29,35,2013.2725788754897,0.30304859258259675,0.8240805187373912,13,2022-11-01
Arizona,2022,12,2022-12,564449.12,286,215216.61,122,154,39,34,2145.667261053167,0.2940645957153395,0.8245142815873138,7,2022-12-01
Arizona,2023,1,2023-01,594132.2,283,237693.57,142,134,40,36,1744.3266302312572,0.2992432991609743,0.8239841541552554,8,2023-01-01
Arizona,2023,2,2023-02,609974.95,266,224226.03,111,145,33,35,1965.5413407957124,0.30304859258259675,0.8240805187373912,10,2023-02-01
Arizona,2023,3,2023-03,696946.41,306,242832.28,128,159,35,36,1998.237079794842,0.2992432991609743,0.8239841541552554,10,2023-03-01
Arizona,2023,4,2023-04,757139.73,295,324906.55,141,145,36,35,2257.055617334253,0.2930646654534045,0.8221785305603659,11,2023-04-01
Arizona,2023,5,2023-05,652456.37,275,286577.94,113,141,25,35,2135.7756375893946,0.29980230375258826,0.8224138376834729,1,2023-05-01
Arizona,2023,6,2023-06,797552.9,297,272237.96,135,147,30,36,2514.695096864705,0.2992432991609743,0.8239841541552554,12,2023-06-01
Arizona,2023,7,2023-07,731922.16,285,270891.08,113,156,29,35,2438.464156711636,0.30039119237849893,0.8263047586841444,5,2023-07-01
Arizona,2023,8,2023-08,870652.72,295,348569.86,129,154,31,34,2657.618887716042,0.29680015474896965,0.8222246228185972,13,2023-08-01
Arizona,2023,9,2023-09,650872.4500000001,281,259761.58000000002,119,151,22,36,2106.0948803358274,0.2992432991609743,0.8239841541552554,10,2023-09-01
Arizona,2023,10,2023-10,687235.24,302,263891.2,135,149,26,34,2093.4161915834547,0.30434216776009626,0.8264722105930751,11,2023-10-01
Arizona,2023,11,2023-11,637098.61,280,254233.05,126,153,34,35,1995.7116813163473,0.30304859258259675,0.8240805187373912,10,2023-11-01
Arizona,2023,12,2023-12,535378.56,263,233897.46,116,133,24,36,1917.0424120632047,0.2992432991609743,0.8239841541552554,10,2023-12-01
California,2021,1,2021-01,516853.65,301,191170.31,111,160,30,41,1603.4091170729675,0.3163301656118495,0.783654839556483,12,2021-01-01
California,2021,2,2021-02,497667.55,287,157317.67,116,137,23,39,1587.6204554373687,0.31445148880380247,0.7803621810633972,8,2021-02-01
California,2021,3,2021-03,653892.96,301,229912.94,124,162,38,41,1986.7586868198555,0.3163301656118495,0.783654839556483,7,2021-03-01
California,2021,4,2021-04,742627.6,316,329397.39,148,150,40,40,2066.8663961653338,0.3112315005511262,0.7883400026220044,16,2021-04-01
California,2021,5,2021-05,769954.75,341,254092.74,137,173,30,38,2019.1108797777085,0.31266769686333007,0.7823566732332609,12,2021-05-01
California,2021,6,2021-06,701155.12,320,288270.05,143,149,28,41,1999.4713464191634,0.3163301656118495,0.783654839556483,10,2021-06-01
California,2021,7,2021-07,680540.59,309,246109.88,126,156,28,39,2003.3558756134653,0.31882020931695293,0.7821668935797478,11,2021-07-01
California,2021,8,2021-08,645335.34,285,259153.63,120,139,28,39,2121.7260289109036,0.3203400762325461,0.791043744846722,7,2021-08-01
California,2021,9,2021-09,590112.3,269,217064.6,116,130,25,40,2026.6359338692353,0.3201279680542609,0.7867385716056129,13,2021-09-01
California,2021,10,2021-10,645842.06,310,231316.28,136,162,32,40,1893.0839781912532,0.312404811499758,0.780098187896805,10,2021-10-01
California,2021,11,2021-11,625504.76,326,263067.63,135,173,36,40,1686.647680828893,0.31644202602461735,0.7877752901653362,4,2021-11-01
California,2021,12,2021-12,635304.84,302,258942.37,127,165,36,40,1848.173090820499,0.3147286842625996,0.7795200347278871,12,2021-12-01
California,2022,1,2022-01,564522.05,295,201537.49,127,150,28,38,1747.007816509707,0.3197603907665628,0.7804719588500493,10,2022-01-01
California,2022,2,2022-02,596234.05,304,202372.97,126,155,25,41,1774.882187821285,0.3163301656118495,0.783654839556483,8,2022-02-01
California,2022,3,2022-03,761420.98,302,327752.73,133,160,44,41,2134.1234422213965,0.3163301656118495,0.783654839556483,13,2022-03-01
California,2022,4,2022-04,685179.29,303,273238.65,138,136,17,39,2169.018302124514,0.3181665360337207,0.7866893458771299,9,2022-04-01
California,2022,5,2022-05,762772.33,301,321156.13,144,141,43,41,2284.3595955260867,0.3163301656118495,0.783654839556483,12,2022-05-01
California,2022,6,2022-06,915832.25,335,341780.44,137,170,32,41,2563.613962357426,0.3163301656118495,0.783654839556483,10,2022-06-01
California,2022,7,2022-07,754699.11,297,261746.96,119,159,26,41,2425.7102827982635,0.3163301656118495,0.783654839556483,6,2022-07-01
California,2022,8,2022-08,646827.42,288,283793.85,138,132,29,40,1937.940275062106,0.31842380983609514,0.7840011491854024,9,2022-08-01
California,2022,9,2022-09,696616.09,335,314268.96,146,162,22,41,1949.6594349577108,0.3163301656118495,0.783654839556483,9,2022-09-01
California,2022,10,2022-10,618940.71,305,240100.66999999998,131,152,30,40,1887.1810109962748,0.312404811499758,0.780098187896805,7,2022-10-01
California,2022,11,2022-11,671215.68,296,260863.83000000002,135,152,46,39,1993.838355354508,0.31678761053595,0.7860378074053209,9,2022-11-01
California,2022,12,2022-12,609953.96,324,239639.41999999998,132,167,29,40,1717.566333751519,0.3112315005511262,0.7883400026220044,12,2022-12-01
California,2023,1,2023-01,621079.15,307,218403.58,132,145,35,41,1825.5887331349272,0.3163301656118495,0.783654839556483,16,2023-01-01
California,2023,2,2023-02,648759.5599999999,279,221792.47,132,126,40,40,1912.6821861246394,0.31842380983609514,0.7840011491854024,6,2023-02-01
California,2023,3,2023-03,819415.58,327,321826.73,143,157,28,41,2331.729128840333,0.3163301656118495,0.783654839556483,10,2023-03-01
California,2023,4,2023-04,785235.68,292,309235.93,119,147,34,39,2320.3013878176666,0.3236984404929461,0.7842014190319353,10,2023-04-01
California,2023,5,2023-05,742033.24,289,280206.26,116,142,31,41,2498.1613493969253,0.3163301656118495,0.783654839556483,9,2023-05-01
California,2023,6,2023-06,882450.49,300,307557.75,124,158,38,40,2530.215223559284,0.31666431400007966,0.7818577826002467,11,2023-06-01
California,2023,7,2023-07,941320.8,331,402509.47,147,154,35,41,2672.1512888242596,0.3163301656118495,0.783654839556483,11,2023-07-01
California,2023,8,2023-08,859289.4299999999,322,326491.59,136,145,33,41,2208.420315185207,0.3163301656118495,0.783654839556483,11,2023-08-01
California,2023,9,2023-09,604904.02,287,235293.55000000002,124,136,27,41,2084.6447179178226,0.3163301656118495,0.783654839556483,9,2023-09-01
California,2023,10,2023-10,664646.98,295,240284.99,134,136,34,41,1874.0096168735522,0.3163301656118495,0.783654839556483,13,2023-10-01
California,2023,11,2023-11,577173.87,282,234353.81,127,138,23,39,1967.4292249496775,0.32189382937908406,0.7820030943292117,8,2023-11-01
California,2023,12,2023-12,695379.43,312,249079.19,124,164,32,41,2068.5768299404444,0.3163301656118495,0.783654839556483,15,2023-12-01
Colorado,2021,1,2021-01,582464.15,330,236949.49,147,162,22,43,1695.3830338024377,0.299416334048394,0.80835713498016,10,2021-01-01
Colorado,2021,2,2021-02,542668.31,282,243051.72,124,143,32,42,1720.0935253470075,0.29745876628866186,0.8128634600615244,6,2021-02-01
Colorado,2021,3,2021-03,612978.35,290,293108.74,129,140,30,42,1986.9671062343741,0.30268998067555,0.8049166730593039,8,2021-03-01
Colorado,2021,4,2021-04,703659.63,314,236749.82,132,163,24,43,2066.379618123479,0.299416334048394,0.80835713498016,11,2021-04-01
Colorado,2021,5,2021-05,720729.11,320,297090.75,133,155,18,40,2175.9573421672076,0.3055882593742237,0.8047946658670402,9,2021-05-01
Colorado,2021,6,2021-06,668686.72,307,293211.38,137,150,19,42,2243.745007671735,0.2972731730031763,0.8072014544903884,10,2021-06-01
Colorado,2021,7,2021-07,630269.8,275,237187.69,114,144,20,40,2043.7960803572855,0.30009548426799115,0.8131387922193719,6,2021-07-01
Colorado,2021,8,2021-08,799869.73,347,341838.91,153,175,24,41,2301.2808849707003,0.2997068358623363,0.8043714869022718,14,2021-08-01
Colorado,2021,9,2021-09,626901.27,283,251248.25,123,137,25,41,2088.5921919645994,0.3055690041932615,0.8078222595329111,14,2021-09-01
Colorado,2021,10,2021-10,580349.0599999999,294,226049.56,127,146,21,40,1887.5306992108788,0.30417476160684165,0.8103891171211701,8,2021-10-01
Colorado,2021,11,2021-11,603680.24,319,267938.05,153,146,31,43,1736.9853047082115,0.299416334048394,0.80835713498016,10,2021-11-01
Colorado,2021,12,2021-12,490480.29,288,161766.85,109,165,24,41,1563.3790667232497,0.3080754229341427,0.8153059288201905,9,2021-12-01
Colorado,2022,1,2022-01,620710.02,316,210180.86,137,163,28,43,1886.1999841353377,0.299416334048394,0.80835713498016,16,2022-01-01
Colorado,2022,2,2022-02,569379.23,267,201057.14,111,134,30,42,1977.6366465568683,0.30134379232566233,0.810244721872761,8,2022-02-01
Colorado,2022,3,2022-03,657618.67,310,271610.81,148,153,34,41,1824.059185772413,0.3030379636264796,0.8129110307712464,9,2022-03-01
Colorado,2022,4,2022-04,798992.93,315,341723.16,137,165,34,41,2349.6616730911364,0.3080754229341427,0.8153059288201905,13,2022-04-01
Colorado,2022,5,2022-05,687014.08,296,357180.1,151,128,26,43,2363.7665617050907,0.299416334048394,0.80835713498016,8,2022-05-01
Colorado,2022,6,2022-06,843307.6900000001,306,332814.66,138,157,21,42,3308.472738720117,0.3050107730641453,0.8088550589484608,12,2022-06-01
Colorado,2022,7,2022-07,844883.36,345,298239.24,146,157,19,43,2309.00336872745,0.299416334048394,0.80835713498016,12,2022-07-01
Colorado,2022,8,2022-08,662925.76,300,283247.19,142,135,28,43,2009.9046310659623,0.299416334048394,0.80835713498016,12,2022-08-01
Colorado,2022,9,2022-09,644885.1799999999,291,246078.58,117,150,22,43,2273.2651928022196,0.299416334048394,0.80835713498016,7,2022-09-01
Colorado,2022,10,2022-10,739864.35,303,279538.69,133,157,28,41,2213.6863556543954,0.3040956401645325,0.8179885386720946,17,2022-10-01
Colorado,2022,11,2022-11,625479.99,316,239289.39,137,166,28,43,1799.3667133318884,0.299416334048394,0.80835713498016,12,2022-11-01
Colorado,2022,12,2022-12,698638.75,338,250517.66999999998,138,177,26,43,1948.4971273683186,0.299416334048394,0.80835713498016,10,2022-12-01
Colorado,2023,1,2023-01,643977.6900000001,314,244757.78,125,170,26,43,1754.721841092807,0.299416334048394,0.80835713498016,7,2023-01-01
Colorado,2023,2,2023-02,614280.3200000001,294,231955.66,130,143,17,43,1871.958516149871,0.299416334048394,0.80835713498016,14,2023-02-01
Colorado,2023,3,2023-03,705090.42,301,262761.78,124,157,26,42,2220.7090575615903,0.30134379232566233,0.810244721872761,7,2023-03-01
Colorado,2023,4,2023-04,767326.34,271,297110.77,121,128,20,41,2783.1854732408515,0.3071216922509994,0.8108008290327909,10,2023-04-01
Colorado,2023,5,2023-05,777328.81,281,280972.09,119,143,27,41,2571.157592119797,0.3030379636264796,0.8129110307712464,12,2023-05-01
Colorado,2023,6,2023-06,788009.0,278,365441.8,133,136,27,41,2456.2556519022983,0.30057439244940387,0.8036488915351266,8,2023-06-01
Colorado,2023,7,2023-07,771296.78,314,278288.39999999997,119,166,20,43,2211.5910345902766,0.299416334048394,0.80835713498016,8,2023-07-01
Colorado,2023,8,2023-08,744759.9,290,319021.41,137,132,25,41,2290.5804654591784,0.2978328021305711,0.8119284265267812,9,2023-08-01
Colorado,2023,9,2023-09,798930.42,327,370932.94,144,167,22,43,2217.5358016168857,0.299416334048394,0.80835713498016,15,2023-09-01
Colorado,2023,10,2023-10,787132.38,343,295276.31,140,174,28,42,2136.8329664928674,0.30268998067555,0.8049166730593039,9,2023-10-01
Colorado,2023,11,2023-11,652447.0,319,254467.24,139,158,25,43,1834.211186590921,0.299416334048394,0.80835713498016,8,2023-11-01
Colorado,2023,12,2023-12,674736.86,305,297072.74,135,155,20,41,2166.1281258050894,0.2955163100640391,0.8072367451324378,13,2023-12-01
Florida,2021,1,2021-01,434713.35,245,175172.17,111,120,26,31,1592.1706452865524,0.3106691795895436,0.8007755938736845,5,2021-01-01
Florida,2021,2,2021-02,484883.38,249,177651.91,104,125,22,31,1737.2601266900924,0.3106691795895436,0.8007755938736845,5,2021-02-01
Florida,2021,3,2021-03,543371.11,263,266677.55,134,117,21,31,1896.3388961397025,0.3106691795895436,0.8007755938736845,10,2021-03-01
Florida,2021,4,2021-04,608418.75,255,236706.08,104,127,23,31,2296.7052995082527,0.3106691795895436,0.8007755938736845,9,2021-04-01
Florida,2021,5,2021-05,693016.64,268,293461.96,123,139,24,31,2283.374249194802,0.3106691795895436,0.8007755938736845,12,2021-05-01
Florida,2021,6,2021-06,647592.0,276,313057.55,132,128,33,31,2033.0508758810586,0.3106691795895436,0.8007755938736845,9,2021-06-01
Florida,2021,7,2021-07,512116.68,239,184420.26,98,115,19,31,2041.483270674548,0.3106691795895436,0.8007755938736845,3,2021-07-01
Florida,2021,8,2021-08,621442.31,291,223203.65,121,149,23,31,1968.5448471913237,0.3106691795895436,0.8007755938736845,6,2021-08-01
Florida,2021,9,2021-09,714008.93,305,295016.31,133,150,27,31,2177.857978185186,0.3106691795895436,0.8007755938736845,9,2021-09-01
Florida,2021,10,2021-10,453136.62,249,186752.49,104,123,18,31,1630.940135656511,0.3106691795895436,0.8007755938736845,12,2021-10-01
Florida,2021,11,2021-11,480864.83,231,198652.34,91,116,23,31,1772.0782263623473,0.3106691795895436,0.8007755938736845,6,2021-11-01
Florida,2021,12,2021-12,499450.57,294,171823.47,111,154,20,31,1662.115311793168,0.3106691795895436,0.8007755938736845,6,2021-12-01
Florida,2022,1,2022-01,477563.85000000003,251,180244.27,109,128,23,31,1797.57929346668,0.3106691795895436,0.8007755938736845,5,2022-01-01
Florida,2022,2,2022-02,428250.74,226,189849.54,117,99,19,31,1714.7711185857154,0.3106691795895436,0.8007755938736845,11,2022-02-01
Florida,2022,3,2022-03,551975.89,249,226259.41999999998,121,114,39,31,1914.3951356157283,0.3106691795895436,0.8007755938736845,14,2022-03-01
Florida,2022,4,2022-04,612257.46,252,237158.37,108,120,17,31,2215.209400459755,0.3106691795895436,0.8007755938736845,4,2022-04-01
Florida,2022,5,2022-05,534908.47,240,239385.28999999998,107,112,17,31,2043.1104002476018,0.3106691795895436,0.8007755938736845,12,2022-05-01
Florida,2022,6,2022-06,557245.96,261,206815.07,114,117,13,31,2143.636039896931,0.3106691795895436,0.8007755938736845,6,2022-06-01
Florida,2022,7,2022-07,696033.77,263,281187.64,116,119,20,30,2585.8821324925566,0.30869032635161553,0.7958152800667256,6,2022-07-01
Florida,2022,8,2022-08,756015.17,283,242784.68,113,140,26,30,2352.875975343044,0.3135010345683356,0.8014958043523239,10,2022-08-01
Florida,2022,9,2022-09,577260.38,256,226966.15,104,112,19,31,1944.0275898104912,0.3106691795895436,0.8007755938736845,7,2022-09-01
Florida,2022,10,2022-10,536837.77,262,202008.0,112,126,21,31,1921.2015829976474,0.3106691795895436,0.8007755938736845,3,2022-10-01
Florida,2022,11,2022-11,538002.51,245,213105.66,108,114,24,31,2033.0320423262765,0.3106691795895436,0.8007755938736845,7,2022-11-01
Florida,2022,12,2022-12,490949.93,266,200645.29,122,119,26,31,1695.051920258654,0.3106691795895436,0.8007755938736845,8,2022-12-01
Florida,2023,1,2023-01,624989.78,255,242851.80000000002,103,120,23,31,2121.966344708159,0.3106691795895436,0.8007755938736845,14,2023-01-01
Florida,2023,2,2023-02,574478.93,249,177266.9,97,109,20,31,2135.0444410914565,0.3106691795895436,0.8007755938736845,8,2023-02-01
Florida,2023,3,2023-03,676902.21,229,230250.26,105,106,21,31,4412.6091065243,0.3106691795895436,0.8007755938736845,10,2023-03-01
Florida,2023,4,2023-04,604393.1,234,226201.79,99,122,24,30,2504.8520723313723,0.30869032635161553,0.7958152800667256,6,2023-04-01
Florida,2023,5,2023-05,730327.9400000001,257,331711.68,122,117,26,31,2569.5896389821437,0.3106691795895436,0.8007755938736845,6,2023-05-01
Florida,2023,6,2023-06,637414.39,257,262849.1,117,117,20,30,2295.085472468735,0.30869032635161553,0.7958152800667256,5,2023-06-01
Florida,2023,7,2023-07,785846.84,249,279254.93,102,139,25,31,3267.800662259783,0.3106691795895436,0.8007755938736845,13,2023-07-01
Florida,2023,8,2023-08,736005.0,263,235149.2,110,133,19,30,2741.6389078155657,0.30869032635161553,0.7958152800667256,8,2023-08-01
Florida,2023,9,2023-09,581255.37,263,244758.84,110,130,17,31,1917.7213380949993,0.3106691795895436,0.8007755938736845,9,2023-09-01
Florida,2023,10,2023-10,576508.78,258,250705.39,133,111,27,31,1976.0809051344809,0.3106691795895436,0.8007755938736845,4,2023-10-01
Florida,2023,11,2023-11,589237.39,251,239520.76,116,128,28,31,2096.2478811979713,0.3106691795895436,0.8007755938736845,13,2023-11-01
Florida,2023,12,2023-12,583397.43,262,272275.14999999997,123,125,20,31,2030.2266664048316,0.3106691795895436,0.8007755938736845,7,2023-12-01
Georgia,2021,1,2021-01,736702.61,389,265831.89,164,204,35,49,1687.7470554809504,0.356161848966912,0.8023343332555085,20,2021-01-01
Georgia,2021,2,2021-02,745618.14,392,295148.28,179,200,42,48,1696.1065906900683,0.358458421416677,0.807482285054502,9,2021-02-01
Georgia,2021,3,2021-03,945582.16,419,331697.98,170,222,33,49,2117.788936072664,0.356161848966912,0.8023343332555085,14,2021-03-01
Georgia,2021,4,2021-04,1092472.76,380,353979.55,163,195,44,48,3867.091360226151,0.35564130874139854,0.8030084394656881,18,2021-04-01
Georgia,2021,5,2021-05,1208025.32,429,566983.43,215,194,44,49,2430.499811890757,0.356161848966912,0.8023343332555085,10,2021-05-01
Georgia,2021,6,2021-06,1066581.94,390,402021.23,180,198,39,48,2521.2586863036454,0.35496006170652844,0.8066292607478783,10,2021-06-01
Georgia,2021,7,2021-07,1166938.43,408,471337.86,183,209,50,49,2476.6154116492917,0.356161848966912,0.8023343332555085,16,2021-07-01
Georgia,2021,8,2021-08,1227915.63,456,495784.14999999997,200,240,50,49,2362.2531188791595,0.356161848966912,0.8023343332555085,16,2021-08-01
Georgia,2021,9,2021-09,934845.61,411,342797.51,180,217,36,49,2028.0412415652156,0.356161848966912,0.8023343332555085,18,2021-09-01
Georgia,2021,10,2021-10,947448.0,424,400102.5,196,203,50,49,2037.1293491657234,0.356161848966912,0.8023343332555085,18,2021-10-01
Georgia,2021,11,2021-11,973491.9,435,342225.43,169,238,31,49,1965.6604504332045,0.356161848966912,0.8023343332555085,11,2021-11-01
Georgia,2021,12,2021-12,918822.88,411,376653.4,190,211,48,48,1879.4441993785224,0.35496006170652844,0.8066292607478783,14,2021-12-01
Georgia,2022,1,2022-01,889233.35,426,289181.16,189,221,41,48,1903.6834006082133,0.3531968837609985,0.8035087600946835,12,2022-01-01
Georgia,2022,2,2022-02,845161.48,383,328095.83999999997,151,199,29,49,2006.9890197051013,0.356161848966912,0.8023343332555085,10,2022-02-01
Georgia,2022,3,2022-03,971392.37,416,454024.37,200,201,54,48,2162.514762035983,0.36080111615587596,0.801129501700884,14,2022-03-01
Georgia,2022,4,2022-04,1052634.18,396,419633.92,182,196,40,49,2272.140880605789,0.356161848966912,0.8023343332555085,14,2022-04-01
Georgia,2022,5,2022-05,1061625.52,419,368202.23,179,217,37,49,2268.717428293313,0.356161848966912,0.8023343332555085,14,2022-05-01
Georgia,2022,6,2022-06,1098968.41,383,434635.29000000004,168,197,40,48,2453.753817233352,0.35564130874139854,0.8030084394656881,15,2022-06-01
Georgia,2022,7,2022-07,1163216.65,415,509764.49,187,197,40,48,2435.5876571288964,0.358458421416677,0.807482285054502,13,2022-07-01
Georgia,2022,8,2022-08,1252253.6099999999,406,474333.06,184,200,46,47,2462.8511448230756,0.3503166789064706,0.8068915709970935,13,2022-08-01
Georgia,2022,9,2022-09,911331.04,398,376923.91,176,197,38,49,1975.7155136790648,0.356161848966912,0.8023343332555085,21,2022-09-01
Georgia,2022,10,2022-10,993826.05,411,394882.66,179,216,40,49,2175.1105154119755,0.356161848966912,0.8023343332555085,20,2022-10-01
Georgia,2022,11,2022-11,911511.93,395,363951.56,174,204,35,49,2037.9682139204808,0.356161848966912,0.8023343332555085,14,2022-11-01
Georgia,2022,12,2022-12,838527.99,412,349342.86,187,199,34,47,1835.8318465274053,0.35569016417184435,0.8109496390411635,13,2022-12-01
Georgia,2023,1,2023-01,1007898.14,445,409543.56,196,221,38,49,2103.6292701686607,0.356161848966912,0.8023343332555085,10,2023-01-01
Georgia,2023,2,2023-02,991515.87,389,410642.11,193,169,38,47,2164.6416816920446,0.35569016417184435,0.8109496390411635,11,2023-02-01
Georgia,2023,3,2023-03,1086794.45,420,465238.35,206,200,49,49,2396.6583362397637,0.356161848966912,0.8023343332555085,11,2023-03-01
Georgia,2023,4,2023-04,1106998.85,388,419856.87,168,198,31,47,2557.6168647475456,0.35569016417184435,0.8109496390411635,24,2023-04-01
Georgia,2023,5,2023-05,1421053.06,463,510362.51,203,233,42,49,2800.267141112953,0.356161848966912,0.8023343332555085,13,2023-05-01
Georgia,2023,6,2023-06,1156646.52,386,472361.7,176,199,39,47,2533.821978249942,0.35569016417184435,0.8109496390411635,13,2023-06-01
Georgia,2023,7,2023-07,1335321.29,473,515138.05,205,234,28,48,2683.0593953403622,0.35564130874139854,0.8030084394656881,9,2023-07-01
Georgia,2023,8,2023-08,1199547.22,418,499810.62,200,202,46,49,2499.4879795313527,0.356161848966912,0.8023343332555085,17,2023-08-01
Georgia,2023,9,2023-09,1064935.92,406,360716.7,167,227,37,49,2224.2970748263583,0.356161848966912,0.8023343332555085,15,2023-09-01
Georgia,2023,10,2023-10,1040107.96,451,429134.11,206,209,32,48,2052.6627365001054,0.358458421416677,0.807482285054502,13,2023-10-01
Georgia,2023,11,2023-11,853186.1,385,366231.9,164,189,40,49,2001.235345637032,0.356161848966912,0.8023343332555085,13,2023-11-01
Georgia,2023,12,2023-12,897463.3,402,383280.92,180,204,34,48,1973.169703154059,0.358458421416677,0.807482285054502,11,2023-12-01
Illinois,2021,1,2021-01,586005.95,326,253771.05,146,162,30,45,1551.819130435922,0.325107735694928,0.8030283365893371,10,2021-01-01
Illinois,2021,2,2021-02,605044.88,303,227234.15,133,160,33,45,1728.0699126888542,0.32501750174434585,0.8028164488236595,10,2021-02-01
Illinois,2021,3,2021-03,602538.2,282,244293.69999999998,119,146,28,46,1927.9984757641346,0.3232204104361335,0.8009030682480456,12,2021-03-01
Illinois,2021,4,2021-04,715037.48,335,284447.8,151,164,36,46,1864.215202923556,0.32005303339421187,0.8016503351104428,12,2021-04-01
Illinois,2021,5,2021-05,899196.9400000001,332,356095.6,144,153,33,45,2469.5773451958535,0.3208422027787424,0.8074112392090654,16,2021-05-01
Illinois,2021,6,2021-06,799502.3,296,354410.89,139,140,39,47,2259.1348865423097,0.31873235137638,0.8035052471169417,10,2021-06-01
Illinois,2021,7,2021-07,842812.99,334,307554.54,141,173,36,47,2437.9538161191003,0.31873235137638,0.8035052471169417,9,2021-07-01
Illinois,2021,8,2021-08,806484.0700000001,335,354633.22000000003,148,153,29,44,2333.8401857596477,0.3231528711113685,0.8035450950462096,10,2021-08-01
Illinois,2021,9,2021-09,725291.21,312,291621.47000000003,137,152,29,46,2138.8551639892503,0.3235601860228626,0.8046863347060993,11,2021-09-01
Illinois,2021,10,2021-10,569324.79,290,254593.94,142,128,34,46,1783.5936917067963,0.31618986770878404,0.79944382424796,9,2021-10-01
Illinois,2021,11,2021-11,663275.7999999999,296,271108.89,133,152,33,46,1819.301766058643,0.32005303339421187,0.8016503351104428,9,2021-11-01
Illinois,2021,12,2021-12,612915.84,322,214786.3,136,157,34,45,1680.7289689421689,0.32477881009104737,0.8004525962839413,5,2021-12-01
Illinois,2022,1,2022-01,598774.9,298,332065.33,160,125,37,46,1855.4015840801712,0.32234395981685554,0.802063695613516,12,2022-01-01
Illinois,2022,2,2022-02,650898.09,322,229369.58,129,169,27,44,1800.5877759883226,0.3266333438117192,0.8010782715250973,5,2022-02-01
Illinois,2022,3,2022-03,844225.75,337,349991.61,154,164,36,47,2080.3782477896702,0.31873235137638,0.8035052471169417,11,2022-03-01
Illinois,2022,4,2022-04,826212.57,329,335223.49,150,146,29,46,2461.1676220420186,0.3210357568959051,0.8019605097619976,6,2022-04-01
Illinois,2022,5,2022-05,1020877.85,322,367204.18,120,171,35,47,2819.679713723392,0.31873235137638,0.8035052471169417,11,2022-05-01
Illinois,2022,6,2022-06,844168.27,316,341229.07,129,166,30,44,2453.170467109502,0.3206913422513954,0.8017809926272403,13,2022-06-01
Illinois,2022,7,2022-07,876196.71,319,303129.86,129,166,27,47,2452.646638845151,0.31873235137638,0.8035052471169417,12,2022-07-01
Illinois,2022,8,2022-08,866134.81,298,352262.42,131,137,29,44,2518.0496907031065,0.32740002324200274,0.806235643397908,10,2022-08-01
Illinois,2022,9,2022-09,789031.49,326,301484.6,139,171,24,46,2220.335345551791,0.3112515798579429,0.8019831108215779,7,2022-09-01
Illinois,2022,10,2022-10,665916.97,301,244778.65,134,144,32,47,2098.131496821493,0.31873235137638,0.8035052471169417,8,2022-10-01
Illinois,2022,11,2022-11,687185.16,310,284162.75,135,156,35,46,1986.6205516666305,0.32005303339421187,0.8016503351104428,10,2022-11-01
Illinois,2022,12,2022-12,787813.84,341,247688.31,128,192,40,44,1989.9486645441234,0.3279048530270902,0.8038201214855252,6,2022-12-01
Illinois,2023,1,2023-01,757757.31,338,266139.04,142,164,24,45,2131.3752263670417,0.32377046159795647,0.8029228577188959,10,2023-01-01
Illinois,2023,2,2023-02,757061.03,284,315654.57999999996,122,139,30,45,2101.206216989995,0.32501750174434585,0.8028164488236595,10,2023-02-01
Illinois,2023,3,2023-03,742210.0,324,308503.22000000003,144,159,25,47,2109.117561918057,0.31873235137638,0.8035052471169417,8,2023-03-01
Illinois,2023,4,2023-04,825238.55,317,352307.85000000003,139,154,27,47,2312.687541263701,0.31873235137638,0.8035052471169417,7,2023-04-01
Illinois,2023,5,2023-05,758816.19,299,308058.5,128,156,24,47,2321.5984105185594,0.31873235137638,0.8035052471169417,13,2023-05-01
Illinois,2023,6,2023-06,912757.2,320,407593.3,133,161,36,45,2444.904235952773,0.3229243937804105,0.8032374438129579,11,2023-06-01
Illinois,2023,7,2023-07,985190.89,323,331031.45,139,157,27,46,2897.3309869511527,0.3235601860228626,0.8046863347060993,7,2023-07-01
Illinois,2023,8,2023-08,949665.57,317,411977.45,138,158,31,45,2654.301057693801,0.32309380472686267,0.8076218977354179,4,2023-08-01
Illinois,2023,9,2023-09,761758.82,307,319490.28,146,143,37,47,2160.496048007548,0.31873235137638,0.8035052471169417,9,2023-09-01
Illinois,2023,10,2023-10,837265.22,335,385586.37,156,157,36,46,2141.3885119400525,0.3210357568959051,0.8019605097619976,6,2023-10-01
Illinois,2023,11,2023-11,755838.92,340,315760.4,146,170,34,47,2163.0265292297227,0.31873235137638,0.8035052471169417,10,2023-11-01
Illinois,2023,12,2023-12,627086.08,289,261973.83,135,144,41,45,1920.1201783244533,0.3218505512718333,0.8049409777741108,5,2023-12-01
Nevada,2021,1,2021-01,485229.61,268,178170.72,103,141,26,32,1576.9184454838564,0.318096814500649,0.807733772183125,6,2021-01-01
Nevada,2021,2,2021-02,456239.18,235,183805.92,104,110,20,33,1792.983467332232,0.32648227356899956,0.8115013056972898,12,2021-02-01
Nevada,2021,3,2021-03,528966.64,247,197417.49,94,123,24,33,1928.53472454254,0.32648227356899956,0.8115013056972898,6,2021-03-01
Nevada,2021,4,2021-04,567962.62,251,232235.54,112,123,21,33,1935.9545303181667,0.32648227356899956,0.8115013056972898,8,2021-04-01
Nevada,2021,5,2021-05,631902.76,247,331189.52999999997,126,109,24,33,2242.3233473549844,0.32648227356899956,0.8115013056972898,9,2021-05-01
Nevada,2021,6,2021-06,602915.37,254,226996.16999999998,103,138,23,33,2085.5837413195522,0.32648227356899956,0.8115013056972898,5,2021-06-01
Nevada,2021,7,2021-07,618861.14,251,236810.01,99,131,18,33,2298.040237944463,0.32648227356899956,0.8115013056972898,7,2021-07-01
Nevada,2021,8,2021-08,532963.8200000001,219,221332.94,106,105,24,33,2434.5584409975545,0.32648227356899956,0.8115013056972898,8,2021-08-01
Nevada,2021,9,2021-09,503357.17,239,254855.51,117,102,15,33,2021.5180567834389,0.32648227356899956,0.8115013056972898,6,2021-09-01
Nevada,2021,10,2021-10,520046.84,265,227980.59,114,130,22,33,1888.540402745754,0.32648227356899956,0.8115013056972898,12,2021-10-01
Nevada,2021,11,2021-11,546876.65,260,234731.31999999998,127,121,37,33,1728.4839731977802,0.32648227356899956,0.8115013056972898,8,2021-11-01
Nevada,2021,12,2021-12,493967.4,211,160581.09,100,91,23,32,3094.0108620945025,0.3209118611013704,0.8097863291758524,6,2021-12-01
Nevada,2022,1,2022-01,408089.68,230,180027.47,104,103,15,33,1661.945055652013,0.32648227356899956,0.8115013056972898,5,2022-01-01
Nevada,2022,2,2022-02,583832.84,259,228762.96,119,127,22,33,1959.426439812465,0.32648227356899956,0.8115013056972898,10,2022-02-01
Nevada,2022,3,2022-03,513692.72,210,212587.26,96,101,29,33,2136.555991118077,0.32648227356899956,0.8115013056972898,3,2022-03-01
Nevada,2022,4,2022-04,687650.71,248,273568.56,103,122,21,32,2315.9325550773237,0.318096814500649,0.807733772183125,12,2022-04-01
Nevada,2022,5,2022-05,529963.82,217,216207.76,101,100,21,33,2309.1311963664843,0.32648227356899956,0.8115013056972898,3,2022-05-01
Nevada,2022,6,2022-06,595161.85,243,246860.1,103,115,16,33,2301.119183780733,0.32648227356899956,0.8115013056972898,4,2022-06-01
Nevada,2022,7,2022-07,577216.22,225,175855.73,87,111,26,32,2370.2574901123876,0.3280697987559258,0.8138240298967947,7,2022-07-01
Nevada,2022,8,2022-08,637371.98,235,298267.74,110,119,25,33,2488.905566491425,0.32648227356899956,0.8115013056972898,10,2022-08-01
Nevada,2022,9,2022-09,697175.17,242,260001.58000000002,102,129,29,32,2493.9450064369244,0.33475545022384445,0.8137254811504496,10,2022-09-01
Nevada,2022,10,2022-10,511666.03,240,231873.91,121,109,21,33,1951.6261391293892,0.32648227356899956,0.8115013056972898,7,2022-10-01
Nevada,2022,11,2022-11,406554.27999999997,227,168783.41,103,106,19,33,1760.0443330504513,0.32648227356899956,0.8115013056972898,3,2022-11-01
Nevada,2022,12,2022-12,587998.32,257,221001.69,98,127,25,33,1994.478758186922,0.32648227356899956,0.8115013056972898,10,2022-12-01
Nevada,2023,1,2023-01,518117.44,237,206181.13999999998,121,97,25,33,1935.3935937303436,0.32648227356899956,0.8115013056972898,5,2023-01-01
Nevada,2023,2,2023-02,615504.54,251,256857.91,114,111,23,33,2242.5992460118114,0.32648227356899956,0.8115013056972898,12,2023-02-01
Nevada,2023,3,2023-03,520605.13,221,223842.03,99,113,13,33,2087.444485449735,0.32648227356899956,0.8115013056972898,6,2023-03-01
Nevada,2023,4,2023-04,668106.4,242,232689.66,108,110,17,33,2674.9667908476204,0.32648227356899956,0.8115013056972898,11,2023-04-01
Nevada,2023,5,2023-05,702502.05,247,272888.06,104,119,20,32,2801.911853736541,0.318096814500649,0.807733772183125,9,2023-05-01
Nevada,2023,6,2023-06,668858.41,234,306266.70999999996,109,103,22,32,2525.185402706158,0.318096814500649,0.807733772183125,6,2023-06-01
Nevada,2023,7,2023-07,677166.57,246,261355.27,105,117,18,33,2546.717084158266,0.32648227356899956,0.8115013056972898,8,2023-07-01
Nevada,2023,8,2023-08,588559.47,236,219008.21,99,116,21,33,2299.419089690402,0.32648227356899956,0.8115013056972898,6,2023-08-01
Nevada,2023,9,2023-09,565882.17,250,185405.63,94,126,12,33,2165.626517280478,0.32648227356899956,0.8115013056972898,5,2023-09-01
Nevada,2023,10,2023-10,648587.74,230,332469.28,104,115,23,33,2421.8749126294583,0.32648227356899956,0.8115013056972898,11,2023-10-01
Nevada,2023,11,2023-11,471207.58,224,198173.73,96,119,26,33,1883.768685138935,0.32648227356899956,0.8115013056972898,6,2023-11-01
Nevada,2023,12,2023-12,517230.97,231,164859.12,99,115,20,33,2018.7392851483535,0.32648227356899956,0.8115013056972898,7,2023-12-01
New York,2021,1,2021-01,681934.06,395,274753.81,179,200,54,46,1507.1970220071596,0.30784435092597023,0.8147445423406607,10,2021-01-01
New York,2021,2,2021-02,570457.16,346,266327.02,180,150,44,46,1489.7631944874179,0.30784435092597023,0.8147445423406607,9,2021-02-01
New York,2021,3,2021-03,902965.07,385,308043.05,160,212,46,46,1927.5038783288255,0.30784435092597023,0.8147445423406607,13,2021-03-01
New York,2021,4,2021-04,891075.51,348,268762.7,149,187,43,45,2188.321382133299,0.3094949748771286,0.8171271868416581,16,2021-04-01
New York,2021,5,2021-05,937540.08,372,340529.58,163,184,40,45,2308.270279676986,0.3098211714692128,0.8128272511462239,11,2021-05-01
New York,2021,6,2021-06,874684.64,348,347877.55,156,191,50,46,2195.87489303436,0.30784435092597023,0.8147445423406607,11,2021-06-01
New York,2021,7,2021-07,979109.65,390,388009.33,181,197,61,46,2070.5209189744787,0.30784435092597023,0.8147445423406607,13,2021-07-01
New York,2021,8,2021-08,805962.62,382,329788.6,173,205,50,46,1794.7941150206666,0.30784435092597023,0.8147445423406607,12,2021-08-01
New York,2021,9,2021-09,866293.93,368,352510.11,175,188,52,46,2079.3506173079163,0.30784435092597023,0.8147445423406607,7,2021-09-01
New York,2021,10,2021-10,805040.78,396,316497.46,177,206,48,46,1783.665608569677,0.30784435092597023,0.8147445423406607,10,2021-10-01
New York,2021,11,2021-11,712976.43,377,331578.09,172,200,49,46,1697.1334575888563,0.30784435092597023,0.8147445423406607,16,2021-11-01
New York,2021,12,2021-12,692765.18,365,291324.73,191,170,55,46,1645.9785039953088,0.30784435092597023,0.8147445423406607,10,2021-12-01
New York,2022,1,2022-01,650802.94,336,271512.39,151,182,41,45,1592.2893372323213,0.3098211714692128,0.8128272511462239,23,2022-01-01
New York,2022,2,2022-02,745578.59,368,332279.35,167,190,43,46,1678.419812044448,0.30784435092597023,0.8147445423406607,8,2022-02-01
New York,2022,3,2022-03,893398.42,385,447765.64,194,184,46,46,1902.2265016788233,0.30784435092597023,0.8147445423406607,12,2022-03-01
New York,2022,4,2022-04,970432.4,414,344950.57,185,215,47,46,1934.3579145944097,0.30784435092597023,0.8147445423406607,16,2022-04-01
New York,2022,5,2022-05,960200.4400000001,402,336539.98,155,224,38,46,2192.467598813023,0.30784435092597023,0.8147445423406607,14,2022-05-01
New York,2022,6,2022-06,1023493.52,395,417042.56,173,199,38,46,2351.080275384797,0.30784435092597023,0.8147445423406607,9,2022-06-01
New York,2022,7,2022-07,924867.14,356,387232.28,172,170,53,44,2220.9658259127236,0.31348602777202644,0.8161484350719984,12,2022-07-01
New York,2022,8,2022-08,1068058.86,439,394820.59,179,244,48,46,2100.308273214217,0.30784435092597023,0.8147445423406607,15,2022-08-01
New York,2022,9,2022-09,841341.95,359,319827.64,164,183,57,46,1962.6864046282928,0.30784435092597023,0.8147445423406607,8,2022-09-01
New York,2022,10,2022-10,777901.21,373,271622.18,158,210,39,46,1849.6941054193746,0.30784435092597023,0.8147445423406607,18,2022-10-01
New York,2022,11,2022-11,700859.15,347,256510.6,149,187,47,45,1798.3675084324807,0.30825594022007224,0.8144843664907017,15,2022-11-01
New York,2022,12,2022-12,742944.27,369,295419.59,176,180,62,46,1613.2338150505361,0.30784435092597023,0.8147445423406607,19,2022-12-01
New York,2023,1,2023-01,846425.87,374,367789.77,181,187,52,46,1962.465246251451,0.30784435092597023,0.8147445423406607,12,2023-01-01
New York,2023,2,2023-02,768366.17,342,324812.66,155,183,48,46,1976.790782388103,0.30784435092597023,0.8147445423406607,10,2023-02-01
New York,2023,3,2023-03,862530.87,335,332181.49,169,158,43,46,2468.4873072066916,0.30784435092597023,0.8147445423406607,11,2023-03-01
New York,2023,4,2023-04,937034.72,344,388691.21,161,178,55,45,2207.8778020625828,0.3098211714692128,0.8128272511462239,14,2023-04-01
New York,2023,5,2023-05,1143239.01,364,531446.38,183,185,64,46,2602.0859813952234,0.30784435092597023,0.8147445423406607,11,2023-05-01
New York,2023,6,2023-06,1154745.87,370,423865.65,151,199,41,45,2691.194071608989,0.30825594022007224,0.8144843664907017,9,2023-06-01
New York,2023,7,2023-07,1263299.2,408,487928.93,186,220,67,46,2534.605836319056,0.30784435092597023,0.8147445423406607,22,2023-07-01
New York,2023,8,2023-08,985691.45,369,436594.01,181,177,42,44,2386.1636735107954,0.3106471501973256,0.8133552601319022,15,2023-08-01
New York,2023,9,2023-09,964734.59,389,367251.48,180,205,40,46,2160.4607760413055,0.30784435092597023,0.8147445423406607,14,2023-09-01
New York,2023,10,2023-10,989354.12,377,413110.59,155,208,45,46,2352.398621852438,0.30784435092597023,0.8147445423406607,17,2023-10-01
New York,2023,11,2023-11,857838.3099999999,383,348538.8,171,202,49,46,1953.4027014480243,0.30784435092597023,0.8147445423406607,16,2023-11-01
New York,2023,12,2023-12,1010762.33,404,358508.04,165,220,48,46,2190.054518555914,0.30784435092597023,0.8147445423406607,13,2023-12-01
Ohio,2021,1,2021-01,496371.97,272,199239.88,117,145,38,42,1618.3809478339983,0.28473862516717685,0.7824696352786114,7,2021-01-01
Ohio,2021,2,2021-02,485589.36,254,226686.69,128,125,36,43,1776.4844807117945,0.28354333073307486,0.7846933303900515,14,2021-02-01
Ohio,2021,3,2021-03,685570.07,369,281976.16,177,173,34,42,1703.3992220437967,0.286952508194932,0.7810002406431444,15,2021-03-01
Ohio,2021,4,2021-04,705590.48,302,244324.71,135,154,43,42,1916.1912570221307,0.28730359021054064,0.7876814855121156,13,2021-04-01
Ohio,2021,5,2021-05,765886.53,319,302483.48,138,168,44,43,2087.3260575960467,0.28354333073307486,0.7846933303900515,8,2021-05-01
Ohio,2021,6,2021-06,769789.41,306,278480.39,128,166,43,42,2135.630144509026,0.282420559400027,0.7858822297851741,7,2021-06-01
Ohio,2021,7,2021-07,804443.36,364,326822.3,163,182,41,43,1951.270280813122,0.28354333073307486,0.7846933303900515,17,2021-07-01
Ohio,2021,8,2021-08,638304.1900000001,270,259311.91999999998,111,154,28,42,2087.9786732559187,0.28294468192649774,0.7838210922635724,10,2021-08-01
Ohio,2021,9,2021-09,637844.27,301,245171.77,129,155,37,43,1973.5968490809996,0.28354333073307486,0.7846933303900515,3,2021-09-01
Ohio,2021,10,2021-10,613940.68,322,215940.44,125,172,37,42,1721.117743778747,0.283261815111534,0.784661481793981,12,2021-10-01
Ohio,2021,11,2021-11,579741.46,294,207527.24,131,150,44,43,1765.84831556299,0.28354333073307486,0.7846933303900515,8,2021-11-01
Ohio,2021,12,2021-12,577874.44,322,233444.96000000002,142,165,30,43,1603.3607017144961,0.28354333073307486,0.7846933303900515,9,2021-12-01
Ohio,2022,1,2022-01,619619.25,306,253703.9,140,144,45,43,1753.8446744607902,0.28354333073307486,0.7846933303900515,5,2022-01-01
Ohio,2022,2,2022-02,632423.56,307,283582.49,153,141,39,41,1786.436096619943,0.28642240886775194,0.7800166530563389,9,2022-02-01
Ohio,2022,3,2022-03,696275.28,316,272225.16,132,155,28,43,2127.5429488112645,0.28354333073307486,0.7846933303900515,8,2022-03-01
Ohio,2022,4,2022-04,740996.37,296,328371.72,137,143,33,43,2236.087971933598,0.28354333073307486,0.7846933303900515,19,2022-04-01
Ohio,2022,5,2022-05,868588.65,326,426765.78,151,165,30,43,2681.0539696892256,0.28354333073307486,0.7846933303900515,9,2022-05-01
Ohio,2022,6,2022-06,724408.34,292,282528.97,121,157,43,43,2099.595961894049,0.28354333073307486,0.7846933303900515,6,2022-06-01
Ohio,2022,7,2022-07,809438.22,305,321380.82,143,149,41,43,2612.2700232242264,0.28354333073307486,0.7846933303900515,9,2022-07-01
Ohio,2022,8,2022-08,775200.35,319,246700.95,138,165,40,43,2173.317405372405,0.28354333073307486,0.7846933303900515,10,2022-08-01
Ohio,2022,9,2022-09,734377.84,315,303960.37,146,158,40,43,2204.695615929562,0.28354333073307486,0.7846933303900515,7,2022-09-01
Ohio,2022,10,2022-10,731933.08,341,272386.01,147,179,40,43,1995.823739370188,0.28354333073307486,0.7846933303900515,12,2022-10-01
Ohio,2022,11,2022-11,549029.42,269,238663.83,116,135,40,43,1925.64375796543,0.28354333073307486,0.7846933303900515,8,2022-11-01
Ohio,2022,12,2022-12,693680.48,322,262500.44,144,161,37,43,1822.653411637781,0.28354333073307486,0.7846933303900515,11,2022-12-01
Ohio,2023,1,2023-01,624176.69,312,267125.18,138,161,36,42,1971.4145252736682,0.286952508194932,0.7810002406431444,9,2023-01-01
Ohio,2023,2,2023-02,563542.47,279,240018.6,124,140,34,43,1732.3798316418722,0.28354333073307486,0.7846933303900515,9,2023-02-01
Ohio,2023,3,2023-03,792058.83,320,354689.56,170,143,40,43,2239.86314794125,0.28354333073307486,0.7846933303900515,6,2023-03-01
Ohio,2023,4,2023-04,855872.93,320,379696.15,166,152,49,43,2226.9388976817536,0.28354333073307486,0.7846933303900515,13,2023-04-01
Ohio,2023,5,2023-05,915870.94,348,315507.67,152,181,45,43,2388.7819226075035,0.28354333073307486,0.7846933303900515,8,2023-05-01
Ohio,2023,6,2023-06,1006368.73,322,459211.05,149,169,40,43,2588.2065820247167,0.28354333073307486,0.7846933303900515,13,2023-06-01
Ohio,2023,7,2023-07,867756.42,317,341397.76,133,161,35,42,2442.1072802434105,0.28321157766572064,0.7858290397946183,14,2023-07-01
Ohio,2023,8,2023-08,909852.25,320,353662.98,136,159,37,43,2410.4704533263894,0.28354333073307486,0.7846933303900515,16,2023-08-01
Ohio,2023,9,2023-09,727573.3200000001,293,246329.09,137,147,40,43,2108.0099559972073,0.28354333073307486,0.7846933303900515,11,2023-09-01
Ohio,2023,10,2023-10,737660.02,317,333278.64,159,150,43,43,2094.5245670541644,0.28354333073307486,0.7846933303900515,10,2023-10-01
Ohio,2023,11,2023-11,632327.31,300,272892.58,141,143,51,43,1729.722633029761,0.28354333073307486,0.7846933303900515,14,2023-11-01
Ohio,2023,12,2023-12,673981.96,306,299109.14,139,151,25,43,2024.6544356439836,0.28354333073307486,0.7846933303900515,6,2023-12-01
Oregon,2021,1,2021-01,416093.25,214,211737.04,120,89,31,32,1588.325807836457,0.3157095131250051,0.7897158361500595,5,2021-01-01
Oregon,2021,2,2021-02,460339.22000000003,200,182305.44,103,85,23,31,1934.1477148617512,0.3192811621808239,0.785730987103326,10,2021-02-01
Oregon,2021,3,2021-03,449006.88,210,176416.7,91,112,19,32,1913.686121996238,0.3157095131250051,0.7897158361500595,5,2021-03-01
Oregon,2021,4,2021-04,586122.0499999999,234,240456.34,107,111,21,31,2552.9156382242045,0.31331296250847157,0.7838702984437684,5,2021-04-01
Oregon,2021,5,2021-05,559683.38,226,238215.38999999998,110,108,19,32,2323.1924141116747,0.3157095131250051,0.7897158361500595,5,2021-05-01
Oregon,2021,6,2021-06,447838.12,207,237886.83000000002,119,85,25,32,2023.1445694635227,0.3157095131250051,0.7897158361500595,5,2021-06-01
Oregon,2021,7,2021-07,658548.55,248,270773.17,108,113,21,32,2217.9180750017067,0.3157095131250051,0.7897158361500595,12,2021-07-01
Oregon,2021,8,2021-08,641988.98,264,217885.85,98,153,22,32,2145.256770059393,0.3157095131250051,0.7897158361500595,9,2021-08-01
Oregon,2021,9,2021-09,451903.07,209,181540.56,94,104,26,32,1787.7193946644766,0.3157095131250051,0.7897158361500595,7,2021-09-01
Oregon,2021,10,2021-10,419069.74,220,155917.26,110,95,28,32,1574.1796617063492,0.3157095131250051,0.7897158361500595,6,2021-10-01
Oregon,2021,11,2021-11,471521.62,241,190280.32,109,118,28,31,1599.1520400661168,0.31331296250847157,0.7838702984437684,6,2021-11-01
Oregon,2021,12,2021-12,419486.19,227,166091.15,97,118,27,32,1537.822341414228,0.3157095131250051,0.7897158361500595,5,2021-12-01
Oregon,2022,1,2022-01,521759.24,228,199142.06,93,119,24,32,1980.3690507376389,0.3157095131250051,0.7897158361500595,7,2022-01-01
Oregon,2022,2,2022-02,461822.85,203,220188.59,95,93,17,31,1838.2806805703785,0.31331296250847157,0.7838702984437684,8,2022-02-01
Oregon,2022,3,2022-03,525493.31,237,185222.07,101,121,22,32,2158.9330961008454,0.3157095131250051,0.7897158361500595,7,2022-03-01
Oregon,2022,4,2022-04,583980.85,226,221912.25,101,114,23,32,2195.158116838023,0.3157095131250051,0.7897158361500595,9,2022-04-01
Oregon,2022,5,2022-05,623659.3,220,214556.05,90,117,24,32,2563.6667650838745,0.3157095131250051,0.7897158361500595,5,2022-05-01
Oregon,2022,6,2022-06,629138.6,224,261810.6,99,115,24,32,2435.1097935377275,0.3157095131250051,0.7897158361500595,9,2022-06-01
Oregon,2022,7,2022-07,642832.02,249,294726.37,118,112,22,32,2312.6114540494227,0.3157095131250051,0.7897158361500595,8,2022-07-01
Oregon,2022,8,2022-08,642237.86,254,287191.75,116,119,22,32,2131.355607971456,0.3157095131250051,0.7897158361500595,6,2022-08-01
Oregon,2022,9,2022-09,535400.4,222,187545.23,95,109,23,29,2093.319916885605,0.3085053318236635,0.7818844292399165,5,2022-09-01
Oregon,2022,10,2022-10,533767.68,246,222709.15,116,120,23,32,1906.4443536141307,0.3157095131250051,0.7897158361500595,7,2022-10-01
Oregon,2022,11,2022-11,451948.01,221,157189.62,100,115,31,32,1566.8379031896923,0.3157095131250051,0.7897158361500595,5,2022-11-01
Oregon,2022,12,2022-12,469853.85,219,182887.46,91,113,20,32,1840.509017723596,0.3157095131250051,0.7897158361500595,6,2022-12-01
Oregon,2023,1,2023-01,493423.67,234,204128.05000000002,115,114,26,30,1769.1525507648125,0.3169237815122666,0.7795577698386008,11,2023-01-01
Oregon,2023,2,2023-02,492726.79,206,228609.02,107,90,24,30,2114.2460852413924,0.3219942256142559,0.7827427261955613,8,2023-02-01
Oregon,2023,3,2023-03,589012.55,234,261507.51,108,109,14,31,2395.4946334624155,0.3192811621808239,0.785730987103326,7,2023-03-01
Oregon,2023,4,2023-04,607567.3099999999,214,279623.3,102,106,23,29,2453.3396168103927,0.3161622626178622,0.7868300604675262,10,2023-04-01
Oregon,2023,5,2023-05,765405.85,223,335817.7,89,116,28,32,2640.282637763278,0.3157095131250051,0.7897158361500595,10,2023-05-01
Oregon,2023,6,2023-06,758889.42,229,265751.2,109,103,27,31,3026.8529629070067,0.31331296250847157,0.7838702984437684,5,2023-06-01
Oregon,2023,7,2023-07,753779.6,258,350228.05,119,121,32,32,2489.4266553351927,0.3157095131250051,0.7897158361500595,9,2023-07-01
Oregon,2023,8,2023-08,548422.46,203,202197.48,97,91,22,31,2352.91270918171,0.3192811621808239,0.785730987103326,5,2023-08-01
Oregon,2023,9,2023-09,735455.61,225,220531.65,94,108,18,32,2566.453129171176,0.3157095131250051,0.7897158361500595,7,2023-09-01
Oregon,2023,10,2023-10,713877.27,268,242331.72999999998,105,139,22,32,2234.5674844510236,0.3157095131250051,0.7897158361500595,14,2023-10-01
Oregon,2023,11,2023-11,432222.62,217,162916.53999999998,84,113,14,32,1710.9782534834956,0.3157095131250051,0.7897158361500595,6,2023-11-01
Oregon,2023,12,2023-12,509744.37,220,162604.94,89,108,18,31,2134.554472420053,0.31331296250847157,0.7838702984437684,6,2023-12-01
Texas,2021,1,2021-01,642807.69,339,280366.44,157,160,40,46,1657.8592104577185,0.3258578697057489,0.7927353300997657,8,2021-01-01
Texas,2021,2,2021-02,491773.73,261,217344.25,116,130,25,46,1931.4207205831608,0.32263388394497566,0.7890667110098946,12,2021-02-01
Texas,2021,3,2021-03,707185.53,291,310499.25,127,154,33,46,2131.5450633621717,0.3300569458319623,0.7855690996923712,11,2021-03-01
Texas,2021,4,2021-04,610985.91,291,262610.92,130,139,28,46,1962.5378622723897,0.3258455632708073,0.7855607497432802,6,2021-04-01
Texas,2021,5,2021-05,721007.5599999999,313,307593.38,136,160,22,46,2094.4021572977144,0.33071725696639126,0.7851408486734538,7,2021-05-01
Texas,2021,6,2021-06,836798.95,296,382097.07,132,143,31,44,2414.660673836376,0.3148229155489911,0.7886028963512456,10,2021-06-01
Texas,2021,7,2021-07,854908.1,303,336905.59,141,161,38,47,2476.6671190755396,0.32940424651151123,0.7891834129666424,11,2021-07-01
Texas,2021,8,2021-08,694018.7,293,248401.4,121,146,41,47,2060.4468711064346,0.32940424651151123,0.7891834129666424,6,2021-08-01
Texas,2021,9,2021-09,769532.57,320,373342.82,158,145,29,47,2069.0633919401334,0.32940424651151123,0.7891834129666424,8,2021-09-01
Texas,2021,10,2021-10,610937.53,308,211313.75,131,153,36,46,1944.1595878849234,0.33071725696639126,0.7851408486734538,8,2021-10-01
Texas,2021,11,2021-11,568053.98,297,234341.27000000002,132,152,34,45,1706.6974269094305,0.3260070452142474,0.790405032610881,6,2021-11-01
Texas,2021,12,2021-12,670695.88,347,264638.97000000003,143,184,30,47,1812.5358135100962,0.32940424651151123,0.7891834129666424,10,2021-12-01
Texas,2022,1,2022-01,585805.08,327,244467.91,152,160,28,47,1688.676659075332,0.32940424651151123,0.7891834129666424,9,2022-01-01
Texas,2022,2,2022-02,591949.8,287,204096.81,126,143,38,45,1673.4816921757256,0.3238256199084856,0.7849317185778184,10,2022-02-01
Texas,2022,3,2022-03,757299.34,321,334667.2,148,149,32,46,2133.018556403428,0.3296272742221241,0.7868265585289699,8,2022-03-01
Texas,2022,4,2022-04,795338.78,309,340892.13,148,145,37,47,2244.543055433151,0.32940424651151123,0.7891834129666424,12,2022-04-01
Texas,2022,5,2022-05,790088.51,287,275690.25,116,161,41,47,2192.128915322787,0.32940424651151123,0.7891834129666424,9,2022-05-01
Texas,2022,6,2022-06,897022.79,325,351064.78,140,171,25,46,2662.484676760704,0.3258578697057489,0.7927353300997657,10,2022-06-01
Texas,2022,7,2022-07,860985.63,301,373579.96,141,142,35,46,2424.857782901455,0.3293830452556669,0.7905835615232258,10,2022-07-01
Texas,2022,8,2022-08,827716.91,325,333035.36,153,143,28,47,2369.649729203126,0.32940424651151123,0.7891834129666424,10,2022-08-01
Texas,2022,9,2022-09,781949.72,303,340836.36,136,144,23,46,2473.1591999760503,0.3296272742221241,0.7868265585289699,11,2022-09-01
Texas,2022,10,2022-10,792695.22,355,325454.81,150,178,33,45,1988.8562864649723,0.3260070452142474,0.790405032610881,12,2022-10-01
Texas,2022,11,2022-11,781323.87,340,299584.71,150,160,36,47,2194.5610398184767,0.32940424651151123,0.7891834129666424,13,2022-11-01
Texas,2022,12,2022-12,762085.09,316,296052.76,135,156,29,46,2057.2974057638335,0.3258578697057489,0.7927353300997657,11,2022-12-01
Texas,2023,1,2023-01,721984.92,317,236593.29,124,178,28,46,2090.977138377577,0.33071725696639126,0.7851408486734538,8,2023-01-01
Texas,2023,2,2023-02,652675.55,298,209677.72,127,153,35,45,1974.5991988394685,0.3280881218832769,0.7951169531595608,14,2023-02-01
Texas,2023,3,2023-03,795714.35,318,313168.27999999997,133,165,29,46,2160.610262163561,0.3339251537871702,0.794192497675365,9,2023-03-01
Texas,2023,4,2023-04,855768.68,308,343850.25,135,155,28,46,2452.7205259170178,0.32558342718622846,0.7914369143892998,8,2023-04-01
Texas,2023,5,2023-05,1013576.48,342,397206.94,156,153,36,47,2553.3594405545086,0.32940424651151123,0.7891834129666424,11,2023-05-01
Texas,2023,6,2023-06,821824.41,285,339367.01,122,149,32,46,2798.5829866145505,0.33071725696639126,0.7851408486734538,4,2023-06-01
Texas,2023,7,2023-07,1007169.79,304,428703.25,128,150,25,46,2871.976447236232,0.32263388394497566,0.7890667110098946,8,2023-07-01
Texas,2023,8,2023-08,820355.89,299,361501.35,138,146,32,47,2601.540692462384,0.32940424651151123,0.7891834129666424,4,2023-08-01
Texas,2023,9,2023-09,1005491.57,326,361763.82,134,156,28,45,2632.6141318009695,0.33090506469372105,0.7911562666059154,8,2023-09-01
Texas,2023,10,2023-10,897056.1900000001,326,355624.74,144,171,32,46,2813.5123120357903,0.33071725696639126,0.7851408486734538,8,2023-10-01
Texas,2023,11,2023-11,665773.8300000001,301,274080.52,143,139,31,46,1915.3321741728362,0.32263388394497566,0.7890667110098946,10,2023-11-01
Texas,2023,12,2023-12,619482.38,291,236487.39,122,147,29,47,1975.1779072864106,0.32940424651151123,0.7891834129666424,3,2023-12-01
Washington,2021,1,2021-01,844000.24,442,336892.14,197,214,51,51,1670.4823930957386,0.2904791694985713,0.8287706630569102,14,2021-01-01
Washington,2021,2,2021-02,795758.54,408,280565.99,165,221,31,52,1782.342659453951,0.2868476471748084,0.8268271906290905,14,2021-02-01
Washington,2021,3,2021-03,919426.72,440,331244.56,192,238,42,51,1913.893261717045,0.2872571626530204,0.8287390016329936,18,2021-03-01
Washington,2021,4,2021-04,965218.59,446,375717.74,175,250,41,52,1957.1178608047935,0.2868476471748084,0.8268271906290905,13,2021-04-01
Washington,2021,5,2021-05,1019308.5,425,422825.98,200,194,43,52,2243.626773095196,0.2868476471748084,0.8268271906290905,13,2021-05-01
Washington,2021,6,2021-06,974682.06,396,408951.63,181,198,38,51,2225.6654771824356,0.2904791694985713,0.8287706630569102,18,2021-06-01
Washington,2021,7,2021-07,984337.31,433,375879.32,181,235,32,52,2069.125422537932,0.2868476471748084,0.8268271906290905,22,2021-07-01
Washington,2021,8,2021-08,1084688.71,449,432504.8,201,239,48,51,2296.741311543877,0.2872571626530204,0.8287390016329936,11,2021-08-01
Washington,2021,9,2021-09,835737.67,401,363091.48,179,205,30,52,1884.5699063617144,0.2868476471748084,0.8268271906290905,13,2021-09-01
Washington,2021,10,2021-10,855193.43,426,366794.86,180,225,37,52,1917.770096077816,0.2868476471748084,0.8268271906290905,13,2021-10-01
Washington,2021,11,2021-11,810251.89,398,259259.81,174,205,39,51,1928.5382840767165,0.2904791694985713,0.8287706630569102,14,2021-11-01
Washington,2021,12,2021-12,747589.87,410,320930.06,179,212,40,51,1636.6339900437254,0.2872571626530204,0.8287390016329936,12,2021-12-01
Washington,2022,1,2022-01,828989.97,417,349389.77999999997,172,240,44,52,1759.4925379960796,0.2868476471748084,0.8268271906290905,8,2022-01-01
Washington,2022,2,2022-02,701799.46,363,291722.07,164,190,38,51,1826.5179048952136,0.2858418180242681,0.8286818623577255,12,2022-02-01
Washington,2022,3,2022-03,1041508.67,472,469213.25,222,233,44,52,2064.9184450368793,0.2868476471748084,0.8268271906290905,15,2022-03-01
Washington,2022,4,2022-04,986633.95,397,383883.88,165,215,48,51,2226.071714874162,0.28849216954138646,0.8240181810336175,14,2022-04-01
Washington,2022,5,2022-05,917252.03,405,391791.64,173,208,34,52,2155.1037139023465,0.2868476471748084,0.8268271906290905,11,2022-05-01
Washington,2022,6,2022-06,1153517.35,434,402522.07,186,233,50,52,2287.103969352496,0.2868476471748084,0.8268271906290905,16,2022-06-01
Washington,2022,7,2022-07,1031391.8,421,450225.3,200,203,34,51,2154.908610830666,0.2904791694985713,0.8287706630569102,19,2022-07-01
Washington,2022,8,2022-08,1077300.46,397,391451.25,175,205,46,51,2465.5003959214405,0.2904791694985713,0.8287706630569102,20,2022-08-01
Washington,2022,9,2022-09,1013868.71,405,393536.79,179,214,50,51,2251.510728633855,0.2904791694985713,0.8287706630569102,15,2022-09-01
Washington,2022,10,2022-10,975530.69,465,438252.45,217,236,57,52,1793.9574196199942,0.2868476471748084,0.8268271906290905,14,2022-10-01
Washington,2022,11,2022-11,905039.16,404,376207.99,193,195,51,52,1970.3625113820476,0.2868476471748084,0.8268271906290905,10,2022-11-01
Washington,2022,12,2022-12,865142.91,413,296246.74,176,216,50,51,1821.5325739786454,0.2904791694985713,0.8287706630569102,14,2022-12-01
Washington,2023,1,2023-01,781918.16,359,344840.39,176,175,45,51,1940.580880272755,0.2836821972230218,0.8257866312305379,10,2023-01-01
Washington,2023,2,2023-02,769305.07,365,332119.26,171,183,33,52,2044.588975158467,0.2868476471748084,0.8268271906290905,16,2023-02-01
Washington,2023,3,2023-03,1085406.6,446,433310.52,201,225,47,50,2127.4702061895705,0.28623940722903357,0.8306690030162792,10,2023-03-01
Washington,2023,4,2023-04,1055960.77,417,396425.55,190,207,44,52,2176.236743567425,0.2868476471748084,0.8268271906290905,11,2023-04-01
Washington,2023,5,2023-05,1130932.94,424,457051.92,184,225,49,52,2370.283204038269,0.2868476471748084,0.8268271906290905,12,2023-05-01
Washington,2023,6,2023-06,1239165.58,407,459497.83999999997,158,225,47,51,2619.942025135572,0.2836821972230218,0.8257866312305379,11,2023-06-01
Washington,2023,7,2023-07,1227161.08,442,446668.81,192,232,45,52,2496.020752393314,0.2868476471748084,0.8268271906290905,15,2023-07-01
Washington,2023,8,2023-08,1074619.12,406,386346.89,178,208,36,52,2391.6480865238327,0.2868476471748084,0.8268271906290905,15,2023-08-01
Washington,2023,9,2023-09,998210.67,401,347538.19,172,216,44,51,2140.450709028029,0.2904791694985713,0.8287706630569102,15,2023-09-01
Washington,2023,10,2023-10,944635.17,420,376785.65,168,223,36,52,1973.9848307145344,0.2868476471748084,0.8268271906290905,20,2023-10-01
Washington,2023,11,2023-11,968175.76,421,351788.24,173,234,43,52,1966.7411880138184,0.2868476471748084,0.8268271906290905,24,2023-11-01
Washington,2023,12,2023-12,987573.13,447,408531.28,206,226,40,52,1929.895965486217,0.2868476471748084,0.8268271906290905,13,2023-12-01
